,bar_orig,loc_match
0,EL MOCHUELO II URBANO,CIUDAD BOLIVAR
1,SAN PABLO BOSA,BOSA
2,LOS SOCHES,USME
3,EL PORTAL DEL DIVINO,USME
4,LUCERO DEL SUR,CIUDAD BOLIVAR
5,BOLONIA,USME
6,SAN MIGUEL,BARRIOS UNIDOS
7,LA SOLEDAD NORTE,ENGATIVA
8,SAN BERNARDINO XVIII,BOSA
9,LA PERSEVERANCIA,SANTA FE
10,SAN MARTIN,SANTA FE
11,LA PEPITA,LOS MARTIRES
12,SAN JOSE SUR,RAFAEL URIBE URIBE
13,ZONA FRANCA,FONTIBON
14,LA CABANA,ENGATIVA
15,VILLA ANITA,USME
16,PARCELA EL PORVENIR,BOSA
17,CASABLANCA SUBA,SUBA
18,SAN ANTONIO,SUMAPAZ
19,ALTAMIRA,SAN CRISTOBAL
20,JUAN REY (LA PAZ),SAN CRISTOBAL
21,GINEBRA,USAQUEN
22,ATENAS,SUBA
23,LOS CEDROS ORIENTAL,USAQUEN
24,CEDRO NARVAEZ,USAQUEN
25,SALAZAR USME,USME
26,SUMAPAZ,CIUDAD BOLIVAR
27,SABANA DE TIBABUYES,SUBA
28,SAN RAFAEL,CIUDAD BOLIVAR
29,EL CHICO,CHAPINERO
30,LA PATRIA,BARRIOS UNIDOS
31,SAN FERNANDO OCCIDENTAL,BARRIOS UNIDOS
32,EL TINTAL,FONTIBON
33,NUEVA DELHI,SAN CRISTOBAL
34,SIETE DE AGOSTO,BARRIOS UNIDOS
35,COLOMBIA,BARRIOS UNIDOS
36,LA ESPERANZA SUR,FONTIBON
37,LA PICOTA ORIENTAL,RAFAEL URIBE URIBE
38,TIBAQUE I,SAN CRISTOBAL
39,EL REFUGIO I,USME
40,EL RUBI,KENNEDY
41,EL UVAL RURAL,USME
42,LA PAZ,RAFAEL URIBE URIBE
43,VILLA GLORIA,CIUDAD BOLIVAR
44,EL NEVADO,USME
45,ALASKA,USME
46,LAGO GAITAN,CHAPINERO
47,ARMENIA,TEUSAQUILLO
48,RAMIREZ,SANTA FE
49,POLO CLUB,BARRIOS UNIDOS
50,MILLAN,CIUDAD BOLIVAR
51,SEVILLA,ANTONIO NARIÑO
52,LA ESTRELLITA III,USAQUEN
53,ESTRELLA DEL NORTE,USAQUEN
54,DELMONTE,SUBA
55,ESCUELA DE INFANTERIA,USAQUEN
56,ESCUELA DE CABALLERIA I,USAQUEN
57,CASTILLA,KENNEDY
58,TIBABUYES OCCIDENTAL,SUBA
59,EL CORZO RURAL,BOSA
60,LA PRADERA NORTE,USAQUEN
61,VILLAS DE GRANADA,ENGATIVA
62,QUIBA I,CIUDAD BOLIVAR
63,SAUCEDAL,KENNEDY
64,RAMAJAL,SAN CRISTOBAL
65,SAN JOSE DE USAQUEN,USAQUEN
66,MOLINO RURAL,SAN CRISTOBAL
67,TEUSAQUILLO,TEUSAQUILLO
68,LAS GUACAMAYAS I,SAN CRISTOBAL
69,SAN ANTONIO,BOSA
70,LOS ANGELES,ENGATIVA
71,USAQUEN,USAQUEN
72,TABORA,ENGATIVA
73,PALERMO,TEUSAQUILLO
74,LAS DOS AVENIDAS,KENNEDY
75,VILLA DE LOS ALPES,SAN CRISTOBAL
76,BOSQUE DE PINOS I,USAQUEN
77,SAN ANTONIO NORTE,USAQUEN
78,SANTA ISABEL,LOS MARTIRES
79,QUINTA MUTIS,BARRIOS UNIDOS
80,KASANDRA,FONTIBON
81,BOYACA,ENGATIVA
82,SAN LUIS,TEUSAQUILLO
83,SANTA ANA,USAQUEN
84,LA PAMPA,KENNEDY
85,ALTOS DEL POBLADO,SAN CRISTOBAL
86,LA GLORIA OCCIDENTAL,SAN CRISTOBAL
87,EDUARDO SANTOS,LOS MARTIRES
88,SANTA FE BOSA,BOSA
89,OSORIO III,KENNEDY
90,HIPOTECHO SUR,KENNEDY
91,VEREDA EL TINTAL URBANO,KENNEDY
92,VEREDA EL TINTAL,FONTIBON
93,BOSQUES DE SAN JORGE,SUBA
94,SAN BENITO,USME
95,RAIZAL,SUMAPAZ
96,CHISACA,USME
97,VILLAS DE GRANADA I,ENGATIVA
98,BOLIVIA,ENGATIVA
99,TECHO,KENNEDY
100,SANTA CATALINA,KENNEDY
101,VEINTE DE JULIO,SAN CRISTOBAL
102,GRANJAS SAN PABLO,RAFAEL URIBE URIBE
103,ALTOS DE SUBA,SUBA
104,LAS AMERICAS,TEUSAQUILLO
105,EL PEDREGAL,USME
106,PARQUE NACIONAL URBANO,CANDELARIA
107,BENJAMIN HERRERA,BARRIOS UNIDOS
108,FRANCO,FONTIBON
109,JIMENEZ DE QUESADA II SECTOR,BOSA
110,SANTA TERESA DE SUBA,SUBA
111,LA CORUNA,CIUDAD BOLIVAR
112,CASA BLANCA SUBA I,SUBA
113,SIBERIA RURAL,CHAPINERO
114,ANTONIO JOSE DE SUCRE,USME
115,RICAURTE,LOS MARTIRES
116,LA RESURRECCION I,RAFAEL URIBE URIBE
117,POTRERILLO,SUBA
118,SAN MARTIN SUR,SAN CRISTOBAL
119,TUNJUELITO,TUNJUELITO
120,EL DORADO,ENGATIVA
121,LLANO GRANDE,KENNEDY
122,SANTA TERESITA,TEUSAQUILLO
123,BATALLON CALDAS,PUENTE ARANDA
124,EL VERGEL,FONTIBON
125,LOS RIOS,SUMAPAZ
126,SAN BLAS II,SAN CRISTOBAL
127,CASABLANCA SUBA URBANO I,SUBA
128,SEGUNDO CONTADOR,USAQUEN
129,EL MOCHUELO ORIENTAL,USME
130,EL VERGEL,LOS MARTIRES
131,SUCRE,CHAPINERO
132,CENTRO NARINO,TEUSAQUILLO
133,ACEVEDO TEJADA,TEUSAQUILLO
134,BARRANQUILLITA,USME
135,GALERIAS,TEUSAQUILLO
136,CIUDAD KENNEDY OCCIDENTAL,KENNEDY
137,SUBA CERROS,SUBA
138,PRADO PINZON,SUBA
139,EL BOSQUE,USME
140,CONCEPCION NORTE,BARRIOS UNIDOS
141,PABLO VI NORTE,TEUSAQUILLO
142,GIRARDOT,SANTA FE
143,SAN BERNARDINO,SANTA FE
144,QUIROGA SUR,RAFAEL URIBE URIBE
145,SAN JOSE,SUMAPAZ
146,NUEVA GRANADA,SUMAPAZ
147,CONCEPCION,SUMAPAZ
148,SANTA FE,LOS MARTIRES
149,GUALOCHE,BOSA
150,CASA BLANCA SUR,KENNEDY
151,LA LOMITA,SUBA
152,SAN ANTONIO,ANTONIO NARIÑO
153,SERRANIAS,USME
154,LA RESURRECCION,RAFAEL URIBE URIBE
155,ARGELIA II,BOSA
156,TIHUAQUE RURAL,USME
157,LUCERO ALTO,CIUDAD BOLIVAR
158,MEISSEN,CIUDAD BOLIVAR
159,BRISAS DEL VOLADOR,CIUDAD BOLIVAR
160,BELLO HORIZONTE,SAN CRISTOBAL
161,SIERRA MORENA II,CIUDAD BOLIVAR
162,QUINTAS DEL SUR,CIUDAD BOLIVAR
163,LUSITANIA,KENNEDY
164,PATIO BONITO,KENNEDY
165,LA FAVORITA,LOS MARTIRES
166,VILLA ELISA,SUBA
167,TUNA ALTA,SUBA
168,FLORENCIA,ENGATIVA
169,CANODROMO,SUBA
170,VILLA DEL MAR,ENGATIVA
171,LA ESTRELLITA,USAQUEN
172,CIUDAD BACHUE II,ENGATIVA
173,CIUDAD DE CALI,KENNEDY
174,GRAN YOMASA,USME
175,COMPARTIR,CIUDAD BOLIVAR
176,SANTA MATILDE,PUENTE ARANDA
177,LOS ANDES,BARRIOS UNIDOS
178,VILLA DE LOS ALPES I,SAN CRISTOBAL
179,LA MARIA,SAN CRISTOBAL
180,LA REQUILINA RURAL II,USME
181,COLSEGUROS,LOS MARTIRES
182,QUIROGA,RAFAEL URIBE URIBE
183,MARRUECOS,RAFAEL URIBE URIBE
184,EL CARMEN FONTIBON,FONTIBON
185,VILLA GLADYS,ENGATIVA
186,CENTRO ADMINISTRATIVO,CANDELARIA
187,LAS NAVETAS,FONTIBON
188,VELODROMO,SAN CRISTOBAL
189,BARCELONA,PUENTE ARANDA
190,BOSA NOVA EL PORVENIR,BOSA
191,CIUDAD TECHO II,KENNEDY
192,SAN CRISTOBAL SUR,SAN CRISTOBAL
193,BELLAVISTA LUCERO ALTO,CIUDAD BOLIVAR
194,CHICO NORTE II SECTOR,CHAPINERO
195,LA GAITANA,SUBA
196,EL NUEVO PORTAL II RURAL,USME
197,LA PEÑA RURAL,SANTA FE
198,ESTRELLA DEL SUR,CIUDAD BOLIVAR
199,GUAYMARAL,SUBA
200,HIPOTECHO OCCIDENTAL,KENNEDY
201,TINTALA,KENNEDY
202,OSORIO X,BOSA
203,MARCO FIDEL SUAREZ,TUNJUELITO
204,LA AURORA,USME
205,NUEVO SAN ANDRES,USME
206,HOSPITAL SAN CARLOS,RAFAEL URIBE URIBE
207,EL CHIRCAL SUR,CIUDAD BOLIVAR
208,LOS ALPES SUR,CIUDAD BOLIVAR
209,GIBRALTAR SUR,CIUDAD BOLIVAR
210,CATALUNA,CHAPINERO
211,FLORIDA,LOS MARTIRES
212,SAN GABRIEL,PUENTE ARANDA
213,PARQUE NACIONAL,SANTA FE
214,INDUSTRIAL CENTENARIO,PUENTE ARANDA
215,VILLA ALSACIA,KENNEDY
216,EL ROCIO NORTE,USAQUEN
217,TUNAL BAJO,SUMAPAZ
218,GALAN RURAL,KENNEDY
219,PEPINITOS,USME
220,PRADO VERANIEGO NORTE,SUBA
221,BELLAVISTA OCCIDENTAL,ENGATIVA
222,EL CHARCO,FONTIBON
223,SOCIEGO,SAN CRISTOBAL
224,ARBORIZADORA ALTA,CIUDAD BOLIVAR
225,LAS GAVIOTAS,SAN CRISTOBAL
226,VILLA MARIA I,SUBA
227,BOCHICA II,ENGATIVA
228,SAN RAFAEL USME,SAN CRISTOBAL
229,LA CAROLINA DE SUBA,SUBA
230,BOLIVIA ORIENTAL,ENGATIVA
231,EL PINO,SUBA
232,LA FISCALA,USME
233,LA MACARENA,SANTA FE
234,SANTA INES,SANTA FE
235,COMUNEROS,PUENTE ARANDA
236,LOS EJIDOS,PUENTE ARANDA
237,EL MOCHUELO III URBANO,CIUDAD BOLIVAR
238,ARBOLEDA SUR,TUNJUELITO
239,LAS MARGARITAS,KENNEDY
240,LOS ALMENDROS,KENNEDY
241,DINDALITO,KENNEDY
242,LAS ACACIAS,KENNEDY
243,CALANDAIMA,KENNEDY
244,DINDALITO,KENNEDY
245,LAS VIOLETAS,USME
246,MOLINOS DEL SUR,TUNJUELITO
247,QUIBA,CIUDAD BOLIVAR
248,LA ASUNCION,PUENTE ARANDA
249,LOURDES,SANTA FE
250,LA CALLEJA,USAQUEN
251,JUAN PABLO II,CIUDAD BOLIVAR
252,TIBANA,PUENTE ARANDA
253,COUNTRY CLUB,USAQUEN
254,CENTRO ENGATIVA II,ENGATIVA
255,RIONEGRO,BARRIOS UNIDOS
256,VALLADOLID,KENNEDY
257,BELLA FLOR,CIUDAD BOLIVAR
258,BELEN FONTIBON,FONTIBON
259,NARINO SUR,SAN CRISTOBAL
260,EL MINUTO DE MARIA,CIUDAD BOLIVAR
261,QUIBA RURAL,CIUDAD BOLIVAR
262,SAN VICTORINO,LOS MARTIRES
263,QUINTA RAMOS,SAN CRISTOBAL
264,LA GIRALDA,FONTIBON
265,YOMASA NORTE,USME
266,NIZA SUBA,SUBA
267,AUTOPISTA MUZU,PUENTE ARANDA
268,JORGE ELIECER GAITAN,BARRIOS UNIDOS
269,ESCUELA DE CABALLERIA II,USAQUEN
270,SAN FELIPE DE USME,USME
271,PRADO VERANIEGO,USAQUEN
272,SANTO DOMINGO,CIUDAD BOLIVAR
273,SANTA BARBARA,CANDELARIA
274,LA ESTANZUELA,LOS MARTIRES
275,VITELMA,SAN CRISTOBAL
276,SAN MARTIN,BOSA
277,MOLINOS DE ORIENTE,SAN CRISTOBAL
278,LA CAPUCHINA,SANTA FE
279,VILLABEL,SAN CRISTOBAL
280,CHARALA,USME
281,LA MAGDALENA,TEUSAQUILLO
282,OLARTE,BOSA
283,LA UNION URBANO,SUMAPAZ
284,SANTA INES SUR,SAN CRISTOBAL
285,VERACRUZ,SANTA FE
286,ARBOLEDA SANTA TERESITA,SAN CRISTOBAL
287,EL MIRADOR,CIUDAD BOLIVAR
288,LA CONCORDIA,CANDELARIA
289,CHUCUA DE LA VACA III,KENNEDY
290,EL JAZMIN,KENNEDY
291,CHICALA,BOSA
292,EL JAZMIN,KENNEDY
293,LA CABANA,BOSA
294,LA LIBERTAD,BOSA
295,DINTALITO,KENNEDY
296,LAS SOPAS,SUMAPAZ
297,TINTALITO,KENNEDY
298,ARBORIZADORA ALTA,CIUDAD BOLIVAR
299,TUNDAMA,BOSA
300,CUNDINAMARCA,PUENTE ARANDA
301,EL RINCON,SUBA
302,SAN CARLOS DE SUBA,SUBA
303,SEMINARIO,CHAPINERO
304,SAN AGUSTIN,RAFAEL URIBE URIBE
305,GRAN AMERICA,TEUSAQUILLO
306,CENTRO FONTIBON,FONTIBON
307,SAN JOAQUIN,ENGATIVA
308,BRISAS DEL LLANO,USME
309,GRAN COLOMBIANO,BOSA
310,LA PICOTA,TUNJUELITO
311,BAVARIA,KENNEDY
312,CHARLES DE GAULLE,BOSA
313,SABANA GRANDE,FONTIBON
314,SAN JUAN BAUTISTA,USME
315,SAN JOSE DE BAVARIA,SUBA
316,CHARCO RURAL,FONTIBON
317,INGLES,RAFAEL URIBE URIBE
318,CLARET,TUNJUELITO
319,FATIMA,TUNJUELITO
320,POLICARPA,ANTONIO NARIÑO
321,BELLAVISTA,CIUDAD BOLIVAR
322,BELALCAZAR,TEUSAQUILLO
323,EL PARAISO,KENNEDY
324,PROVIVIENDA OCCIDENTAL,KENNEDY
325,BRASILIA,BOSA
326,EL RECUERDO,TEUSAQUILLO
327,LA SOLEDAD,TEUSAQUILLO
328,ARBORIZADORA ALTA I,CIUDAD BOLIVAR
329,VICTORIA NORTE,SUBA
330,CHAPINERO CENTRAL,CHAPINERO
331,EL SALITRE,TEUSAQUILLO
332,LA ALAMEDA,CIUDAD BOLIVAR
333,CAMPANELLA,SUBA
334,MARSELLA,KENNEDY
335,AREA ARTILLERIA,TUNJUELITO
336,SAN JOSE V SECTOR,SUBA
337,IRAGUA,SUBA
338,SIBERIA  II,CHAPINERO
339,SANTA RITA SUR ORIENTAL,SAN CRISTOBAL
340,CAMPO HERMOSO,KENNEDY
341,SOSIEGO SUR,RAFAEL URIBE URIBE
342,VILLA MAYOR,RAFAEL URIBE URIBE
343,EL PLAYON,TUNJUELITO
344,GUADUAL FONTIBON,FONTIBON
345,MEXICO,CIUDAD BOLIVAR
346,CANADA O GUIRA,SAN CRISTOBAL
347,LOS MOLINOS,RAFAEL URIBE URIBE
348,CANDELARIA LA NUEVA,CIUDAD BOLIVAR
349,BATAN,SUBA
350,LA GAITANA ORIENTAL,SUBA
351,EL CONTADOR,USAQUEN
352,GUSTAVO RESTREPO,RAFAEL URIBE URIBE
353,EL REMANSO I,BOSA
354,CENTRO ADMINISTRATIVO OCC.,TEUSAQUILLO
355,CHAPINERO OCCIDENTAL,TEUSAQUILLO
356,PASO ANCHO,BOSA
357,LUIS CARLOS GALAN,ENGATIVA
358,EMAUS,CHAPINERO
359,GRAN GRANADA,ENGATIVA
360,LA CASTELLANA,BARRIOS UNIDOS
361,LAS DELICIAS,KENNEDY
362,ABRAHAM LINCOLN,TUNJUELITO
363,VILLA CARMENZA,FONTIBON
364,EL LAUREL,ENGATIVA
365,OSORIO XXIII,BOSA
366,VILLA EMMA,BOSA
367,EL ENCANTO,ENGATIVA
368,SIMON BOLIVAR,BARRIOS UNIDOS
369,LA CAROLINA,USAQUEN
370,NACIONES UNIDAS,CIUDAD BOLIVAR
371,CAOBOS SALAZAR,USAQUEN
372,CEDRITOS,USAQUEN
373,PENSILVANIA,PUENTE ARANDA
374,SAGRADO CORAZON,SANTA FE
375,EL BOSQUE SUR ORIENTAL RURAL III,USME
376,EL REFUGIO II,CHAPINERO
377,CORDOBA,SAN CRISTOBAL
378,ISLA DEL SOL,TUNJUELITO
379,LA COMUNA,USME
380,BARCELONA SUR,SAN CRISTOBAL
381,JOSE ANTONIO GALAN,BOSA
382,EL MINUTO DE DIOS,ENGATIVA
383,BERLIN,SUBA
384,EL PROGRESO,LOS MARTIRES
385,LAS ACACIAS,CIUDAD BOLIVAR
386,CIUDAD JARDIN SUR,ANTONIO NARIÑO
387,QUIROGA I,RAFAEL URIBE URIBE
388,LA GRANJA NORTE,USAQUEN
389,LAGUNITAS URBANO,CIUDAD BOLIVAR
390,ALQUERIA LA FRAGUA,KENNEDY
391,CARACAS,ANTONIO NARIÑO
392,EL DORADO,SANTA FE
393,PROVIVIENDA NORTE,PUENTE ARANDA
394,SAN FELIPE DE USME RURAL,USME
395,LA PAZ BOSA,BOSA
396,LA ALAMEDA,SANTA FE
397,JACQUELINE,KENNEDY
398,LAS NIEVES,SANTA FE
399,SAN PABLO JERICO,FONTIBON
400,CIUDAD LONDRES RURAL,USME
401,BETANIA,SUMAPAZ
402,VILLA ANNY I,BOSA
403,VILLA ANNY II,BOSA
404,MAZUREN,SUBA
405,AGUAS CLARAS I,SAN CRISTOBAL
406,SAN BERNARDINO XXV URBANO,BOSA
407,LAS MERCEDES I,SUBA
408,EL CORTIJO,ENGATIVA
409,CANTAGALLO,SUBA
410,VILLA MARIA,SUBA
411,ORTEZAL,PUENTE ARANDA
412,NUEVA TIBABUYES,SUBA
413,LOS CEREZOS,ENGATIVA
414,EL MOCHUELO II,CIUDAD BOLIVAR
415,LA ESPERANZA SUR I,USME
416,EL TINTAL IV,KENNEDY
417,JOSE MARIA CARBONEL,BOSA
418,PALOQUEMAO,LOS MARTIRES
419,SAMPER,SANTA FE
420,TIBAQUE SUR,USME
421,LAGUNITAS,SUMAPAZ
422,CHORRERAS,SUMAPAZ
423,LAS VEGAS,SUMAPAZ
424,CERRO COLORADO,CIUDAD BOLIVAR
425,EL TOLDO,SUMAPAZ
426,ALCALA,PUENTE ARANDA
427,JORGE URIBE BOTERO,KENNEDY
428,OSORIO X URBANO,BOSA
429,MOLINOS NORTE,USAQUEN
430,LA ESPERANZA,BARRIOS UNIDOS
431,EL BAGAZAL,CHAPINERO
432,LA RIVIERA,ENGATIVA
433,LA ESTRELLITA I,USAQUEN
434,TIBABUYES,SUBA
435,COSTA AZUL,SUBA
436,LA ESPERANZA,CHAPINERO
437,PORVENIR,USME
438,TIBAQUE URBANO,SAN CRISTOBAL
439,PARDO RUBIO  I,CHAPINERO
440,LA PERSEVERANCIA I,SANTA FE
441,LOS CEDROS,USAQUEN
442,MONTES,PUENTE ARANDA
443,RENANIA URAPANES,KENNEDY
444,SAN ANTONIO DEL MIRADOR,CIUDAD BOLIVAR
445,CHICO SUR,BOSA
446,PARQUE POPULAR SALITRE,BARRIOS UNIDOS
447,LA FLORIDA OCCIDENTAL,PUENTE ARANDA
448,USATAMA,LOS MARTIRES
449,BARRANCAS,USAQUEN
450,VILLAS DE ALCALA,ENGATIVA
451,PARAMO RURAL V,CHAPINERO
452,CEDRO SALAZAR,USAQUEN
453,BARRANCAS NORTE,USAQUEN
454,LOS ALAMOS,ENGATIVA
455,TIBABITA RURAL,USAQUEN
456,CANAIMA,USAQUEN
457,LA URIBE,USAQUEN
458,NAZARETH URBANO,SUMAPAZ
459,SANTA CECILIA,ENGATIVA
460,CLUB DE LOS LAGARTOS,SUBA
461,TTES DE COLOMBIA,SUBA
462,EL CEDRO,ENGATIVA
463,BELEN,CANDELARIA
464,PERDOMO ALTO,CIUDAD BOLIVAR
465,ESTRELLA,TEUSAQUILLO
466,ALFONSO LOPEZ,TEUSAQUILLO
467,SANTA ROSA,CIUDAD BOLIVAR
468,SAN BERNARDINO XXII URBANO,BOSA
469,CURUBITAL,USME
470,MODELO SUR,SAN CRISTOBAL
471,BILBAO,SUBA
472,JUAN REY SUR,USME
473,EL HATO,USME
474,CASABLANCA SUBA I,SUBA
475,EL PLAN,SUBA
476,RAFAEL ESCAMILLA,CIUDAD BOLIVAR
477,VEREDA SUBA CERROS II,SUBA
478,MONTEBELLO,SAN CRISTOBAL
479,MADELENA,CIUDAD BOLIVAR
480,CAMPO VERDE,BOSA
481,PRIMAVERA,ENGATIVA
482,BELLAVISTA,CHAPINERO
483,INGEMAR ORIENTAL I,CHAPINERO
484,AGUAS CLARAS,SAN CRISTOBAL
485,NORMANDIA OCCIDENTAL,ENGATIVA
486,ENGATIVA EL DORADO,ENGATIVA
487,SAN JOSE SUR ORIENTAL,SAN CRISTOBAL
488,LA HORTUA,ANTONIO NARIÑO
489,LA SERENA,ENGATIVA
490,VILLA LUZ,ENGATIVA
491,EL CORZO I,BOSA
492,BOSA NOVA,BOSA
493,SABANA DEL DORADO,ENGATIVA
494,GUIPARMA,RAFAEL URIBE URIBE
495,LOS ARRAYANES,USME
496,REMANSO URBANO,BOSA
497,EL REMANSO,BOSA
498,EDUARDO FREY,ANTONIO NARIÑO
499,LA UNION,SUMAPAZ
500,PORTALES DEL NORTE,SUBA
501,SAN PEDRO,SUBA
502,LA GRANJA,ENGATIVA
503,EL PANTANO,ENGATIVA
504,VEREDA EL TINTAL RURAL,KENNEDY
505,JUAN JOSE RONDON I,USME
506,EL TINTAL II,FONTIBON
507,EL PENON DEL CORTIJO,CIUDAD BOLIVAR
508,CLASS,KENNEDY
509,PASTRANA,KENNEDY
510,JORGE GAITAN CORTES,PUENTE ARANDA
511,CAMELIA II,PUENTE ARANDA
512,HOYA SAN CRISTOBAL,SAN CRISTOBAL
513,SIBERIA,CHAPINERO
514,INGEMAR,CHAPINERO
515,LAS MARGARITAS,BOSA
516,ARBORIZADORA ALTA  II,CIUDAD BOLIVAR
517,TIBAQUE,SAN CRISTOBAL
518,SANTA TERESA,USAQUEN
519,EL MOCHUELO ALTO,CIUDAD BOLIVAR
520,BOSQUE DE PINOS,USAQUEN
521,TORCA I,USAQUEN
522,TORCA RURAL I,USAQUEN
523,TORCA RURAL II,USAQUEN
524,CENTRO USME,USME
525,SAN JORGE SUR,RAFAEL URIBE URIBE
526,LA VICTORIA,SAN CRISTOBAL
527,PRIMERO DE MAYO,SAN CRISTOBAL
528,EL DANUBIO AZUL,BOSA
529,OSPINA PEREZ SUR,PUENTE ARANDA
530,ANTIGUO COUNTRY,CHAPINERO
531,BOSQUE DE PINOS III RURAL,USAQUEN
532,LA ESTRADITA,ENGATIVA
533,VILLA HERMOSA,SUBA
534,PUERTA DE TEJA,FONTIBON
535,LOS TRES REYES,CIUDAD BOLIVAR
536,TIBABUYES UNIVERSAL,SUBA
537,ALTOS DE CHOZICA,SUBA
538,NAZARETH,SUMAPAZ
539,PARIS GAITAN,ENGATIVA
540,QUIRIGUA ORIENTAL,ENGATIVA
541,CENTRO INDUSTRIAL,PUENTE ARANDA
542,NIZA NORTE,SUBA
543,ALAMOS,ENGATIVA
544,PASQUILLA,CIUDAD BOLIVAR
545,LA CHUCUA,SUBA
546,SAN PEDRO,BOSA
547,EL MIRADOR DE LA ESTANCIA,CIUDAD BOLIVAR
548,CENTRAL DE MEZCLAS,CIUDAD BOLIVAR
549,EL BOSQUE SUR ORIENTAL RURAL I,USME
550,LOS SAUCES,BOSA
551,AURES,SUBA
552,EL CURUBO,USME
553,LOS TRES REYES I,CIUDAD BOLIVAR
554,VILLA DEL CERRO,SAN CRISTOBAL
555,SANTA ROSA,SUBA
556,LA LIBERIA,USAQUEN
557,TOSCANA,SUBA
558,USMINIA,USME
559,TIMIZA C,KENNEDY
560,CEDRITOS DEL SUR,CIUDAD BOLIVAR
561,QUESADA,TEUSAQUILLO
562,LOS ANDES,USME
563,PUERTO RICO,RAFAEL URIBE URIBE
564,SANTA VIVIANA,CIUDAD BOLIVAR
565,ARRAYAN,USME
566,SAN BERNARDINO POTRERITOS,BOSA
567,QUIBA ALTO,CIUDAD BOLIVAR
568,GRANADA,CHAPINERO
569,EL CEDRO,ENGATIVA
570,BOSQUE IZQUIERDO,SANTA FE
571,LAS AGUAS,CANDELARIA
572,SAN DIEGO,SANTA FE
573,PARAMO I RURAL,CHAPINERO
574,PARAMO I,CHAPINERO
575,ALTOS DEL ZIPA,SAN CRISTOBAL
576,RINCON DE LA VALVANERA,CIUDAD BOLIVAR
577,GALAN,PUENTE ARANDA
578,LOS ARRAYANES II,RAFAEL URIBE URIBE
579,SANTA MARIA,ENGATIVA
580,EL MOCHUELO,CIUDAD BOLIVAR
581,LAS FERIAS OCCIDENTAL,ENGATIVA
582,AUTOPISTA MEDELLIN,ENGATIVA
583,TIBAQUE II,USME
584,VILLA AMALIA,ENGATIVA
585,NUEVO MUZU,TUNJUELITO
586,LA VALVANERA,CIUDAD BOLIVAR
587,SANTA MONICA,ENGATIVA
588,OLARTE,USME
589,COMUNEROS,USME
590,SANTA CECILIA,FONTIBON
591,GUADALUPE,CIUDAD BOLIVAR
592,OSPINA PEREZ,PUENTE ARANDA
593,EL RETAZO,BOSA
594,LAS GUACAMAYAS IV,SAN CRISTOBAL
595,CORABASTOS,KENNEDY
596,EL TRIANGULO,SAN CRISTOBAL
597,TIBAQUE III,SAN CRISTOBAL
598,LAS GUACAMAYAS II,SAN CRISTOBAL
599,EL MUELLE,ENGATIVA
600,PARAMO,USAQUEN
601,BOSQUE DE PINOS III,USAQUEN
602,LOS ROSALES,CHAPINERO
603,EL BAGAZAL,CHAPINERO
604,EL REFUGIO,CHAPINERO
605,MIRANDELA,SUBA
606,PARIS,ENGATIVA
607,SANTA HELENITA,ENGATIVA
608,REMANSO,PUENTE ARANDA
609,SANTA LIBRADA,USME
610,MARIA CANO,CIUDAD BOLIVAR
611,LAS BRISAS,CIUDAD BOLIVAR
612,PARAMO IV,USAQUEN
613,CIUDAD HAYUELOS,FONTIBON
614,SAN FELIPE,BARRIOS UNIDOS
615,LOS LIBERTADORES,SAN CRISTOBAL
616,PROVIVIENDA ORIENTAL,KENNEDY
617,BOCHICA,PUENTE ARANDA
618,PROVIVIENDA,KENNEDY
619,TEJAR,PUENTE ARANDA
620,AUTOPISTA SUR,PUENTE ARANDA
621,LA TORRE,CIUDAD BOLIVAR
622,CASABLANCA SUBA URBANO,SUBA
623,CASABLANCA SUBA II,SUBA
624,NUEVA ZELANDIA,SUBA
625,TUNAL ORIENTAL,TUNJUELITO
626,ARABIA,CIUDAD BOLIVAR
627,SANTA HELENA,SUBA
628,CIUDAD LONDRES I,SAN CRISTOBAL
629,VERGEL OCCIDENTAL,KENNEDY
630,SANTA ROSA ALTA,SUMAPAZ
631,SAN LUIS ALTOS DEL CABO RURAL II,CHAPINERO
632,LA CAMPINA,KENNEDY
633,GRAN BRITALIA I,KENNEDY
634,RINCON DE SANTA INES,SUBA
635,LA ESTANCIA,CIUDAD BOLIVAR
636,TOCAIMITA SUR,USME
637,DESARROLLO BRAZUELOS,USME
638,EL MOCHUELO III,CIUDAD BOLIVAR
639,ESCUELA DE CARABINEROS,SUBA
640,JOSE JOAQUIN VARGAS,BARRIOS UNIDOS
641,LAS FLORES,SUBA
642,TAQUECITOS,SUMAPAZ
643,HOYA TEUSACA,SANTA FE
644,LAS GUACAMAYAS III,SAN CRISTOBAL
645,TUNA BAJA,SUBA
646,TIBABUYES,SUBA
647,LAS MERCEDES SUBA RURAL,SUBA
648,EL GUAVIO,SANTA FE
649,BOSQUE DE LOS ALPES,SAN CRISTOBAL
650,PARQUE NACIONAL ORIENTAL,SANTA FE
651,EL ROCIO,SANTA FE
652,LOS ALPES,SAN CRISTOBAL
653,EL NOGAL,CHAPINERO
654,EGIPTO,CANDELARIA
655,ESPARTILLAL,CHAPINERO
656,ALCAZARES NORTE,BARRIOS UNIDOS
657,CALVO SUR,SAN CRISTOBAL
658,TIBABITA,USAQUEN
659,CASABLANCA SUBA URBANO II,SUBA
660,BRAZUELOS OCCIDENTAL RURAL,USME
661,JIMENEZ DE QUESADA,BOSA
662,SIERRA MORENA,CIUDAD BOLIVAR
663,CIUDAD BOLIVAR RURAL I,CIUDAD BOLIVAR
664,QUINTA PAREDES,TEUSAQUILLO
665,MARLY,CHAPINERO
666,EL EJIDO,PUENTE ARANDA
667,SIBERIA URBANO,CHAPINERO
668,LA MARICHUELA,USME
669,CIUDADELA EL RECREO II,BOSA
670,LOS LAURELES SUR ORIENTAL I,SAN CRISTOBAL
671,SANTA RITA DE SUBA,SUBA
672,SANTA CECILIA,SUBA
673,EL ENSUENO,CIUDAD BOLIVAR
674,LA PENA,SANTA FE
675,LOS LACHES,SANTA FE
676,EL CHANCO I,FONTIBON
677,SAN VICENTE FERRER,TUNJUELITO
678,EL CARMEN,TUNJUELITO
679,SAMORE,TUNJUELITO
680,LA ORQUIDEA DE USME,USME
681,LA MERCED NORTE,BARRIOS UNIDOS
682,MUZU,TUNJUELITO
683,LA FAENA,ENGATIVA
684,PARAMO III RURAL,USAQUEN
685,QUIRIGUA II,ENGATIVA
686,INGEMAR I,CHAPINERO
687,PRADO VERANIEGO SUR,SUBA
688,DIANA TURBAY,RAFAEL URIBE URIBE
689,EL BOSQUE SUR ORIENTAL RURAL II,USME
690,SANTA BARBARA,CIUDAD BOLIVAR
691,LILIANA,USME
692,ATENAS,SAN CRISTOBAL
693,EL MOCHUELO IV,CIUDAD BOLIVAR
694,BOLONIA I,USME
695,ATLANTA,CIUDAD BOLIVAR
696,PORTAL RURAL II,USME
697,CIUDAD BOLIVAR,CIUDAD BOLIVAR
698,ENTRERIOS,BARRIOS UNIDOS
699,CIUDAD KENNEDY,KENNEDY
700,LA BELLEZA,SAN CRISTOBAL
701,TOCAIMITA ORIENTAL I,USME
702,LA MAGDALENA,KENNEDY
703,SAN ISIDRO RURAL II,CHAPINERO
704,BOSQUE DE MODELIA,FONTIBON
705,EL MADRIGAL,ENGATIVA
706,LA ESPERANZA SUR,USME
707,EL MOCHUELO II NORTE,CIUDAD BOLIVAR
708,SANTA CECILIA DE SUBA I,SUBA
709,SALITRE SUBA,SUBA
710,RINCON DE SUBA,SUBA
711,CASABLANCA SUBA,SUBA
712,SAN CRISTOBAL NORTE,USAQUEN
713,PASADENA,SUBA
714,PARAMO URBANO I,USAQUEN
715,SAN IGNACIO,ENGATIVA
716,CHUCUA DE LA VACA II,KENNEDY
717,TIMIZA B,KENNEDY
718,LA ANDREA,USME
719,EL RINCON NORTE,SUBA
720,EL NUEVO PORTAL,USME
721,LAS ACACIAS RURAL,KENNEDY
722,ISLANDIA,BOSA
723,LAS MARGARITAS,USME
724,EL PARAISO,CHAPINERO
725,LAGUNITAS,CIUDAD BOLIVAR
726,LOS ALAMOS,ENGATIVA
727,EL ISTMO,SUMAPAZ
728,SAN PEDRO SUR,USME
729,LAGUNA VERDE,SUMAPAZ
730,SANTA ROSA BAJA,SUMAPAZ
731,VILLA MAYOR ORIENTAL,ANTONIO NARIÑO
732,SAN GABRIEL NORTE II,USAQUEN
733,BELLA FLOR SUR,CIUDAD BOLIVAR
734,ARBORIZADORA BAJA,CIUDAD BOLIVAR
735,CIUDAD HUNZA,SUBA
736,ESTORIL,SUBA
737,SAN GABRIEL NORTE,USAQUEN
738,SANTA CECILIA DE SUBA I,ENGATIVA
739,RINCON ALTAMAR,SUBA
740,NUEVA GRANADA BOSA,BOSA
741,QUINDIO,SAN CRISTOBAL
742,SAN FRANCISCO,CIUDAD BOLIVAR
743,SAN DIEGO-BOSA,BOSA
744,TORCA II,USAQUEN
745,VILLA DEL PRADO,SUBA
746,GRANADA NORTE,SUBA
747,BRITALIA,SUBA
748,EL CHANCO II,FONTIBON
749,TERMINAL DE TRANSPORTES,FONTIBON
750,LA CABANA,USME
751,PARDO RUBIO,CHAPINERO
752,BOLIVIA,ENGATIVA
753,SALITRE OCCIDENTAL,FONTIBON
754,RAFAEL URIBE,BARRIOS UNIDOS
755,PINOS DE LOMBARDIA,SUBA
756,LA TRINIDAD,PUENTE ARANDA
757,LA REGADERA,USME
758,CIUDADELA COLSUBSIDIO,ENGATIVA
759,LOS NARANJOS,SUBA
760,CARACOLI,CIUDAD BOLIVAR
761,SAN ANTONIO ENGATIVA,ENGATIVA
762,EL CARMELO,KENNEDY
763,PASQUILLITA,CIUDAD BOLIVAR
764,PENALISA,SUMAPAZ
765,TIBABUYES II,SUBA
766,QUIBA URBANO,CIUDAD BOLIVAR
767,EL BOSQUE CENTRAL,USME
768,LAS VIOLETAS RURAL,USME
769,LAS MERCEDES,CIUDAD BOLIVAR
770,EL PORVENIR DE LOS SOCHES,USME
771,EL PORTAL DEL BRASIL,BOSA
772,CHIGUAZA RURAL,SAN CRISTOBAL
773,MONACO,SUBA
774,POTOSI,CIUDAD BOLIVAR
775,VILLA DIANA,USME
776,BOSQUE CALDERON,CHAPINERO
777,EL CHANCO RURAL III,FONTIBON
778,VILLA NELLY III SECTOR,KENNEDY
779,BOSA,BOSA
780,EL JARDIN,BOSA
781,PUERTA DEL SOL,SUBA
782,EL REFUGIO,FONTIBON
783,ATAHUALPA,FONTIBON
784,SAN JOSE DE FONTIBON,FONTIBON
785,BRISAS ALDEA FONTIBON,FONTIBON
786,VERSALLES FONTIBON,FONTIBON
787,DIANA TURBAY ARRAYANES,RAFAEL URIBE URIBE
788,BELLAVISTA SUR,SAN CRISTOBAL
789,GRANADA SUR,SAN CRISTOBAL
790,CIUDAD SALITRE SUR-ORIENTAL,TEUSAQUILLO
791,EL CEREZO,USAQUEN
792,MIRADOR DEL NORTE,USAQUEN
793,TIBABITA RURAL I,USAQUEN
794,SAN ANTONIO NOROCCIDENTAL,USAQUEN
795,EL TOBERIN,USAQUEN
796,EL VERVENAL,USAQUEN
797,BARRANCAS ORIENTAL RURAL,USAQUEN
798,LA CITA,USAQUEN
799,LAS ACACIAS,CHAPINERO
800,EL CHANCO RURAL II,FONTIBON
801,MARIA CRISTINA,CHAPINERO
802,LA SALLE,CHAPINERO
803,INGEMAR ORIENTAL RURAL,CHAPINERO
804,LA ESTRADA,ENGATIVA
805,ESPINO I,CIUDAD BOLIVAR
806,BUENAVISTA,USAQUEN
807,METROPOLIS,BARRIOS UNIDOS
808,ESCUELA MILITAR,BARRIOS UNIDOS
809,TIBABITA I,USAQUEN
810,VERBENAL SAN ANTONIO,USAQUEN
811,LA PRIMAVERA I,CIUDAD BOLIVAR
812,SABANA DE TIBABUYES NORTE,SUBA
813,SAN CAYETANO,SUBA
814,SAN JOSE DEL PRADO,SUBA
815,SAN EUSEBIO,PUENTE ARANDA
816,PARAMO URBANO,USAQUEN
817,MORAVIA,FONTIBON
818,BARAJAS NORTE,SUBA
819,EL GACO,ENGATIVA
820,VILLA CANDELARIA,CIUDAD BOLIVAR
821,BRAZUELOS OCCIDENTAL,USME
822,SERRANIAS I,USME
823,PATIO BONITO III,KENNEDY
824,MONTEBLANCO,USME
825,SAN LUIS,RAFAEL URIBE URIBE
826,SAN RAFAEL,PUENTE ARANDA
827,GRAN BRITALIA,KENNEDY
828,SAN BERNARDINO XVIII,BOSA
829,LA REQUILINA,USME
830,PIO XII,KENNEDY
831,SANTIAGO PEREZ,RAFAEL URIBE URIBE
832,EL PROGRESO USME,USME
833,EL REFUGIO I,CHAPINERO
834,AEROPUERTO EL DORADO,FONTIBON
835,LA CABANA FONTIBON,FONTIBON
836,CIUDADELA EL RECREO,BOSA
837,LAS DELICIAS DEL CARMEN II SECTOR,USAQUEN
838,LA MAGDALENA I,KENNEDY
839,OSORIO IX,KENNEDY
840,EL SALTEADOR,USME
841,ESTACION CENTRAL,PUENTE ARANDA
842,EL PINAR,SAN CRISTOBAL
843,COLMENA I LOS PINARES,SAN CRISTOBAL
844,CIUDAD KENNEDY NORTE,KENNEDY
845,ARBORIZADORA ALTA,CIUDAD BOLIVAR
846,LA MERCED,SANTA FE
847,SAMPER MENDOZA,LOS MARTIRES
848,QUINTA CAMACHO,CHAPINERO
849,CHUCUA DE LA VACA I,KENNEDY
850,LAS ORQUIDEAS,USAQUEN
851,CORREDOR FERREO DEL SUR,PUENTE ARANDA
852,GARCES NAVAS ORIENTAL,ENGATIVA
853,NUEVO TECHO,KENNEDY
854,NICOLAS DE FEDERMAN,TEUSAQUILLO
855,DESARROLLO BRAZUELOS I,USME
856,LAS CRUCES,SANTA FE
857,CAMPIN OCCIDENTAL,TEUSAQUILLO
858,ROMA,KENNEDY
859,MONTEVIDEO,FONTIBON
860,CHUNIZA,USME
861,LA ESPERANZA NORTE,FONTIBON
862,ARRAYANES I,RAFAEL URIBE URIBE
863,SAN ISIDRO RURAL,CHAPINERO
864,CAPELLANIA,FONTIBON
865,ALCAZARES,BARRIOS UNIDOS
866,CAMPO EUCARISTICO,TEUSAQUILLO
867,MOCHUELO ALTO URBANO,CIUDAD BOLIVAR
868,LA REQUILINA RURAL,USME
869,MOCHUELO ALTO RURAL,CIUDAD BOLIVAR
870,ESPINO,CIUDAD BOLIVAR
871,VILLA ALSACIA II,KENNEDY
872,EL LISTON,LOS MARTIRES
873,GRANJAS DE SANTA SOFIA,RAFAEL URIBE URIBE
874,SAN ISIDRO,SAN CRISTOBAL
875,CENTRO USME RURAL I,USME
876,COOPERATIVA DE SUB-OFICIALES,KENNEDY
877,TIMIZA,KENNEDY
878,SANTA BARBARA OCCIDENTAL,USAQUEN
879,CHICO NORTE,CHAPINERO
880,JARDIN BOTANICO,ENGATIVA
881,CIUDAD KENNEDY ORIENTAL,KENNEDY
882,LA CAMELIA,PUENTE ARANDA
883,PUEBLO VIEJO,FONTIBON
884,ONCE DE NOVIEMBRE,BARRIOS UNIDOS
885,MODELIA,FONTIBON
886,NUESTRA SENORA DEL ROSARIO,SUBA
887,PARQUE EL TUNAL,TUNJUELITO
888,VENECIA,TUNJUELITO
889,AURES II,SUBA
890,VENECIA OCCIDENTAL,TUNJUELITO
891,SAN BERNARDINO XXV,BOSA
892,LAS ANIMAS,SUMAPAZ
893,SAN LUIS ALTOS DEL CABO RURAL,CHAPINERO
894,VILLA ALCAZAR,SUBA
895,SUBA URBANO,SUBA
896,TOCAIMITA ORIENTAL,USME
897,TUNA RURAL,SUBA
898,CIUDAD BACHUE,ENGATIVA
899,CHICO NORTE III SECTOR,CHAPINERO
900,SANTA BIBIANA,USAQUEN
901,ANDES NORTE,SUBA
902,JULIO FLOREZ,SUBA
903,MANDALAY,KENNEDY
904,SAN JUAN URBANO,SUMAPAZ
905,EL TINTAL III,KENNEDY
906,GINEBRA II,USAQUEN
907,GRANADA SUR,USME
908,ENGATIVA ZONA URBANA,ENGATIVA
909,CENTRO USME URBANO,USME
910,PORCIUNCULA,CHAPINERO
911,OSORIO II,KENNEDY
912,LA ESTACION BOSA,BOSA
913,VILLA ISRAEL,USME
914,SAN ANTONIO URBANO,ENGATIVA
915,PUENTE GRANDE,FONTIBON
916,VISION DE ORIENTE,KENNEDY
917,CHAPINERO NORTE,CHAPINERO
918,SAN FRANCISCO RURAL,SANTA FE
919,BAQUERO,BARRIOS UNIDOS
920,PAULO VI,TEUSAQUILLO
921,SANTA LIBRADA NORTE,USME
922,LAS LOMAS,SAN CRISTOBAL
923,LA CANDELARIA,SUBA
924,SAN RAFAEL INDUSTRIAL,PUENTE ARANDA
925,BOSQUE POPULAR,ENGATIVA
926,CATALINA,KENNEDY
927,EL TESORO,CIUDAD BOLIVAR
928,ESCOCIA,BOSA
929,CIUDAD KENNEDY SUR,KENNEDY
930,SANTA INES SUR II,SAN CRISTOBAL
931,VILLA DEL RIO,BOSA
932,SANTA SOFIA,BARRIOS UNIDOS
933,NORMANDIA,ENGATIVA
934,EL DORADO INDUSTRIAL,ENGATIVA
935,LA LAGUNA FONTIBON,FONTIBON
936,LA ESPERANZA DE USME,USME
937,LA ARBOLEDA RURAL,SAN CRISTOBAL
938,SURAMERICA,SAN CRISTOBAL
939,PRIMAVERA II,CIUDAD BOLIVAR
940,TIMIZA A,KENNEDY
941,EL ROSARIO,BARRIOS UNIDOS
942,LA PAZ,BARRIOS UNIDOS
943,SAN FERNANDO,BARRIOS UNIDOS
944,SAN FRANCISCO,PUENTE ARANDA
945,VILLEMAR,FONTIBON
946,LA CABRERA,CHAPINERO
947,DIANA TURBAY CULTIVOS,RAFAEL URIBE URIBE
948,SAN PEDRO,FONTIBON
949,MONTE CARLO,SAN CRISTOBAL
950,CASA DE TEJA,CIUDAD BOLIVAR
951,MUEQUETA,BARRIOS UNIDOS
952,QUIRIGUA I,ENGATIVA
953,INTERINDUSTRIAL,FONTIBON
954,SIERRA MORENA,CIUDAD BOLIVAR
955,HORIZONTES NORTE,USAQUEN
956,SAN VICENTE,SAN CRISTOBAL
957,BARRANCAS ORIENTAL,USAQUEN
958,PARQUE DISTRITAL SALITRE,BARRIOS UNIDOS
959,VOTO NACIONAL,LOS MARTIRES
960,PUERTA AL LLANO RURAL,USME
961,VILLAS EL DIAMANTE,CIUDAD BOLIVAR
962,ARRAYANES VI,USME
963,LAS FERIAS,ENGATIVA
964,PALO BLANCO,ENGATIVA
965,SAN BERNARDINO I,BOSA
966,EL VIRREY,USME
967,LA PRADERA,PUENTE ARANDA
968,CHIGUAZA URBANO,SAN CRISTOBAL
969,SANTA LUCIA,TUNJUELITO
970,BRAVO PAEZ,RAFAEL URIBE URIBE
971,SANTA CECILIA PUENTE NORTE,USAQUEN
972,OLAYA,RAFAEL URIBE URIBE
973,QUIROGA CENTRAL,RAFAEL URIBE URIBE
974,SANTANDER,ANTONIO NARIÑO
975,CENTENARIO,RAFAEL URIBE URIBE
976,MURILLO TORO,RAFAEL URIBE URIBE
977,CHARCO URBANO,FONTIBON
978,DUITAMA,USME
979,CENTRO USME RURAL,USME
980,DANUBIO II,USME
981,SIBERIA CENTRAL,CHAPINERO
982,MORALBA,SAN CRISTOBAL
983,SAN BERNARDINO XIX,BOSA
984,PATIO BONITO II,KENNEDY
985,ESCUELA GENERAL SANTANDER,TUNJUELITO
986,ESCOCIA,BOSA
987,EL TINTAL CENTRAL,FONTIBON
988,SAN JAVIER,SAN CRISTOBAL
989,DOCE DE OCTUBRE,BARRIOS UNIDOS
990,LA LIBERTAD,BARRIOS UNIDOS
991,TIHUAQUE,USME
992,LIBERTADOR,RAFAEL URIBE URIBE
993,HIPOTECHO,KENNEDY
994,SOTAVENTO,CIUDAD BOLIVAR
995,TOCAREMA,KENNEDY
996,BOITA,BOSA
997,BARLOVENTO,CIUDAD BOLIVAR
998,ISMAEL PERDOMO,CIUDAD BOLIVAR
999,CAPITOLIO,SUMAPAZ
1000,GARCES NAVAS SUR,ENGATIVA
1001,LAS BRISAS,SAN CRISTOBAL
1002,QUIBA BAJO,CIUDAD BOLIVAR
1003,LA INDEPENDENCIA,BOSA
1004,BOCHICA,ENGATIVA
1005,VERONA,CIUDAD BOLIVAR
1006,SAN PEDRO,SAN CRISTOBAL
1007,POPULAR MODELO,BARRIOS UNIDOS
1008,SAN PATRICIO,USAQUEN
1009,VILLA SAGRARIO,ENGATIVA
1010,SAN BERNARDINO II,BOSA
1011,SAN BLAS,SAN CRISTOBAL
1012,EL PARAISO,SAN CRISTOBAL
1013,CARMEN DEL SOL,RAFAEL URIBE URIBE
1014,PUENTE COLORADO,SAN CRISTOBAL
1015,SIERRA MORENA,CIUDAD BOLIVAR
1016,CONEJERA,SUBA
1017,GALICIA,CIUDAD BOLIVAR
1018,RINCON DE GALICIA,CIUDAD BOLIVAR
1019,PERDOMO ALTO,CIUDAD BOLIVAR
1020,CENTRO USME RURAL II,USME
1021,ALMIRANTE COLON,SUBA
1022,LA CATEDRAL,CANDELARIA
1023,EL BOSQUE CENTRAL I,USME
1024,DANUBIO,USME
1025,LAS PALMAS,SUMAPAZ
1026,EL REAL,ENGATIVA
1027,LECH WALESA,SUBA
1028,TUNA,SUBA
1029,VERAGUAS,LOS MARTIRES
1030,NUEVA GLORIA,SAN CRISTOBAL
1031,PUENTE ARANDA,PUENTE ARANDA
1032,BANCO CENTRAL,TEUSAQUILLO
1033,EL SATELITE,CIUDAD BOLIVAR
1034,LA REFORMA,USME
1035,AUTOPISTA MUZU ORIENTAL,PUENTE ARANDA
1036,CATALINA II,KENNEDY
1037,BOLONIA I,USME
1038,PRIMAVERA OCCIDENTAL,PUENTE ARANDA
1039,EL MOCHUELO URBANO,CIUDAD BOLIVAR
1040,SANTANDER SUR,ANTONIO NARIÑO
1041,LOS OLIVARES,USME
1042,EL PORTAL URBANO,USME
1043,EL PEDREGAL II,USME
1044,CIUDAD BERNA,ANTONIO NARIÑO
1045,CEMENTERIO JARDINES APOGEO,BOSA
1046,EL CORZO,BOSA
1047,LA FISCALA NORTE,USME
1048,EL TUNO,USME
1049,PALERMO SUR,RAFAEL URIBE URIBE
1050,RESTREPO OCCIDENTAL,ANTONIO NARIÑO
1051,LA FRAGUA,ANTONIO NARIÑO
1052,SANTA ISABEL SUR,LOS MARTIRES
1053,SENA,ANTONIO NARIÑO
1054,RESTREPO,ANTONIO NARIÑO
1055,SAN PEDRO DE LOS ROBLES,FONTIBON
1056,MARCO FIDEL SUAREZ I,TUNJUELITO
1057,ANDALUCIA II,BOSA
1058,BRASIL,BOSA
1059,LAS AURAS,SUMAPAZ
1060,JUAN JOSE RONDON,CIUDAD BOLIVAR
1061,CIUDAD KENNEDY CENTRAL,KENNEDY
1062,LAGO DE SUBA,SUBA
1063,LAS VILLAS,SUBA
1064,LISBOA,SUBA
1065,SAN ISIDRO RURAL,CHAPINERO
1066,GILMAR,SUBA
1067,JERUSALEN,CIUDAD BOLIVAR
1068,YOMASA,SAN CRISTOBAL
1069,LA UNION,USME
1070,EL REDIL,USAQUEN
1071,EL POA,SUBA
1072,CORDILLERA DEL SUR,CIUDAD BOLIVAR
1073,SANTO DOMINGO,SUMAPAZ
1074,SAN CARLOS,TUNJUELITO
1075,MARANDU,ENGATIVA
1076,LA ESMERALDA,TEUSAQUILLO
1077,CAMPIN,TEUSAQUILLO
1078,DONA LILIANA,USME
1079,PASQUILLA URBANA,CIUDAD BOLIVAR
1080,BONANZA,ENGATIVA
1081,MODELIA OCCIDENTAL,FONTIBON
1082,LA PRADERA,CIUDAD BOLIVAR
1083,VEREDA SUBA NARANJOS,SUBA
1084,GORGONZOLA,PUENTE ARANDA
1085,ANTONIA SANTOS,BOSA
1086,ALQUERIA LA FRAGUA NORTE,KENNEDY
1087,EL VERGEL ORIENTAL,KENNEDY
1088,BELLA FLOR SUR RURAL,CIUDAD BOLIVAR
1089,GARCES NAVAS,ENGATIVA
1090,PARAMO II RURAL,USAQUEN
1091,SALAZAR GOMEZ,PUENTE ARANDA
1092,LA HUERTA,USME
1093,ARRAYANES V,USME
1094,SANTA ANA SUR,SAN CRISTOBAL
1095,LAS MERCEDES,SAN CRISTOBAL
1096,RAFAEL NUNEZ,TEUSAQUILLO
1097,LOS LAURELES II,CIUDAD BOLIVAR
1098,JUAN XXIII,CHAPINERO
1099,LA CECILIA,BOSA
1100,PUERTA AL LLANO DE USME,USME
1101,COLON,PUENTE ARANDA
1102,RONDA,CIUDAD BOLIVAR
1103,ALTOS DEL ZUQUE,SAN CRISTOBAL
1104,NUEVA YORK,KENNEDY
1105,LA AURORA,BARRIOS UNIDOS
1106,EL NEVADO II,USME
1107,JUAN XXIII,BARRIOS UNIDOS
1108,EL RETIRO,CHAPINERO
1109,LA SABANA,LOS MARTIRES
1110,GRANJAS DE TECHO,FONTIBON
1111,ALQUERIA LA FRAGUA II,KENNEDY
1112,VILLAS DEL PROGRESO,BOSA
1113,CASABLANCA,KENNEDY
1114,TAIRONA,KENNEDY
1115,NUEVA ESPERANZA,CIUDAD BOLIVAR
1116,CERROS DE ORIENTE,RAFAEL URIBE URIBE
1117,LOS ARRAYANES,USME
1118,EL TABACO,SUMAPAZ
1119,EL MIRADOR II,CIUDAD BOLIVAR
1120,CANAVERALEJO,BOSA
1121,ACACIAS USAQUEN,USAQUEN
1122,LA CABANA,USME
1123,MARIA PAZ,KENNEDY
1124,LAS MARGARITAS,USAQUEN
1125,CIUDAD SALITRE NOR-ORIENTAL,TEUSAQUILLO
1126,TUNAL ALTO,SUMAPAZ
1127,IBERIA,SUBA
1128,FERROCAJA FONTIBON,FONTIBON
1129,LAS MANAS,CIUDAD BOLIVAR
1130,PARAISO QUIBA,CIUDAD BOLIVAR
1131,CALLEJON SANTA BARBARA,RAFAEL URIBE URIBE
1132,BUENOS AIRES,SAN CRISTOBAL
1133,CIUDAD BOLIVAR RURAL III,CIUDAD BOLIVAR
1134,POTOSI,SUBA
1135,NIZA SUR,SUBA
1136,LOMBARDIA,SUBA
1137,CANAVERALEJO RURAL,BOSA
1138,PUENTE LARGO,SUBA
1139,BETANIA,BOSA
1140,LA VEGA SAN BERNARDINO,BOSA
1141,GALAN,KENNEDY
1142,FLORIDA BLANCA,ENGATIVA
1143,CIUDAD JARDIN NORTE,SUBA
1144,CHAPINERITO,USME
1145,SANTA BARBARA ORIENTAL,USAQUEN
1146,EL UVAL,USME
1147,SAN BENITO,TUNJUELITO
1148,TUNJUELITO,USME
1149,LAS MERCEDES SUBA,SUBA
1150,CIUDAD UNIVERSITARIA,TEUSAQUILLO
1151,LOS LAURELES,BOSA
1152,ALQUERIA,PUENTE ARANDA
1153,CIUDAD BACHUE I ETAPA,ENGATIVA
1154,OSORIO XII,KENNEDY
1155,LA FRAGUITA,ANTONIO NARIÑO
1156,REMANSO SUR,PUENTE ARANDA
1157,PARAMO II,CHAPINERO
1158,RINCON DEL CHICO,USAQUEN
1159,BELLA SUIZA,USAQUEN
1160,EL PARAISO BOSA,KENNEDY
1161,SAN JUAN,SUMAPAZ
1162,LA GLORIA ORIENTAL,SAN CRISTOBAL
1163,SANTA ANA OCCIDENTAL,USAQUEN
1164,LISBOA,USAQUEN
1165,PROVIVIENDA OCCIDENTAL,KENNEDY
1166,EL NUEVO PORTAL II,USME
1167,SANTA BARBARA CENTRAL,USAQUEN
1168,FISCALA ALTA,USME
